month,region,units
1,North,119
1,South,108
1,East,145
1,West,69
2,North,134
2,South,83
2,East,149
2,West,86
3,North,136
3,South,88
3,East,164
3,West,81
4,North,125
4,South,118
4,East,175
4,West,72
5,North,130
5,South,95
5,East,178
5,West,82
6,North,135
6,South,103
6,East,173
6,West,88
7,North,151
7,South,101
7,East,203
7,West,92
8,North,146
8,South,133
8,East,190
8,West,97
9,North,168
9,South,125
9,East,218
9,West,81
10,North,171
10,South,129
10,East,207
10,West,84
11,North,164
11,South,115
11,East,218
11,West,112
12,North,166
12,South,127
12,East,220
12,West,92
